year,mean_disposable_income,median_disposable_income,median_taxpayer_income,mean_income_per_head,poverty_rate_bhc,poverty_rate_ahc,child_poverty_bhc,child_poverty_ahc,total_households,total_population,total_children,total_taxpayers
2025,35306.418,22244.0,24266.117,21196.941,13.717272,14.573665,29.724487,32.07198,11000689000.0,18323157000.0,2679630600.0,12589847000.0
2026,36236.332,22619.0,25074.166,21755.236,12.853668,13.768631,25.749947,28.093761,11042492000.0,18392787000.0,2689813500.0,12650977000.0
2027,36891.848,23142.0,25638.588,22148.787,12.73494,13.603377,25.360806,27.526009,11083350000.0,18460842000.0,2699766000.0,12739574000.0
2028,37549.906,23642.0,26177.236,22543.875,12.734942,13.687785,25.360807,27.704624,11127684000.0,18534680000.0,2710564600.0,12824954000.0
2029,38206.82,24119.0,26713.182,22938.262,12.672183,13.837472,25.114689,28.029388,11176645000.0,18616234000.0,2722491400.0,12925075000.0
2030,38856.742,24635.0,27333.13,23328.451,12.742249,14.06756,25.393253,28.73719,11226940000.0,18700012000.0,2734742500.0,13006578000.0
