year,mean_disposable_income,median_disposable_income,median_taxpayer_income,taxpayer_income_p25,taxpayer_income_p75,mean_income_per_head,total_disposable_income_bn,poverty_rate_bhc,poverty_rate_ahc,child_poverty_bhc,child_poverty_ahc,child_absolute_poverty,working_age_poverty_bhc,working_age_poverty_ahc,pensioner_poverty_bhc,pensioner_poverty_ahc,total_households,total_population,total_children,total_working_age,total_pensioners,total_taxpayers
2023,41740.895,35653.797,29243.95,20871.428,42040.22,20285.992,115.52981,20.4204,19.990143,26.159063,27.361197,,16.159273,17.725073,29.403225,20.49134,2767784.8,5695053.5,1125152.6,3686319.0,1025393.25,3167358.0
2024,43386.37,36925.582,30161.793,21415.535,43795.297,21085.691,120.08414,19.719427,19.882593,24.539265,27.695686,,15.618944,17.913784,29.229841,18.848537,2767784.8,5695053.5,1125152.6,3686319.0,1025393.25,3221575.5
2025,44675.19,38070.65,31324.39,22314.113,45542.793,21712.055,123.65132,20.156448,20.149328,25.471458,28.415085,,16.009552,18.044619,29.229923,19.070267,2767784.8,5695053.5,1125152.6,3686319.2,1025393.2,3259472.0
2026,45869.79,38923.676,32152.492,22966.64,47063.76,22292.627,126.95771,19.214642,19.24791,22.846127,25.511969,,15.522223,17.676954,28.63183,18.571074,2767784.8,5695053.5,1125152.6,3686319.0,1025393.25,3273682.0
2027,46649.56,39469.2,32876.156,23232.734,48014.824,22671.594,129.11594,18.894138,18.969036,22.197447,24.789173,,15.378168,17.456411,28.081432,18.608208,2767784.8,5695053.5,1125152.6,3686319.0,1025393.25,3301737.5
2028,47444.27,40063.68,33379.656,23231.156,48920.582,23057.82,131.31552,18.894077,19.052925,22.197338,24.863346,,15.378101,17.597849,28.081429,18.484257,2767784.8,5695053.5,1125152.6,3686319.0,1025393.25,3327615.5
2029,48239.004,40662.168,33975.195,23615.104,49727.215,23444.06,133.51518,18.821516,19.131329,22.153704,24.943184,,15.324764,17.745981,27.918062,18.552357,2767784.8,5695053.5,1125152.6,3686319.0,1025393.25,3346386.8
2030,49082.39,41350.67,34763.42,24014.104,50630.08,23853.945,135.84949,18.942604,19.576162,22.36303,25.859407,,15.40219,18.084599,28.082535,18.800262,2767784.8,5695053.5,1125152.6,3686319.0,1025393.2,3366073.5
