year,mean_disposable_income,median_disposable_income,median_taxpayer_income,taxpayer_income_p25,taxpayer_income_p75,mean_income_per_head,median_income_per_head,total_disposable_income_bn,poverty_rate_bhc,poverty_rate_ahc,child_poverty_bhc,child_poverty_ahc,child_absolute_poverty,working_age_poverty_bhc,working_age_poverty_ahc,pensioner_poverty_bhc,pensioner_poverty_ahc,total_households,total_population,total_children,total_working_age,total_pensioners,total_taxpayers
2023,44355.32,39812.703,27967.715,22191.717,40869.973,21220.45,20112.921875,118.29205,17.723995,20.893583,28.25586,31.800533,19.71661,15.445878,19.211302,14.852818,15.684086,2666919.2,5574437.0,1104905.0,3601017.5,999785.9,3246494.8
2024,46079.645,41069.04,28766.258,23073.45,42638.76,22045.4,20762.69921875,124.20562,17.60002,21.125637,28.167137,32.77542,19.11961,15.261867,19.332672,14.923437,15.463437,2695455.2,5634083.5,1116727.4,3639548.5,1010483.5,3322520.5
2025,47525.496,41998.32,29942.432,24191.012,44533.598,22737.125,21349.2890625,129.02519,17.953325,21.293901,29.265663,33.258064,19.537777,15.499361,19.507374,15.071169,15.238944,2714862.8,5674648.5,1124767.9,3665753.0,1017759.0,3382341.5
2026,48768.832,43186.17,30862.188,24692.113,45983.156,23331.959,21885.41015625,132.9038,16.576164,20.451317,24.92279,30.022997,17.173532,14.755896,19.185175,14.869924,15.276745,2725179.0,5696212.5,1129042.1,3679683.0,1021626.44,3421133.8
2027,49599.996,43707.957,31789.088,25126.01,46835.246,23729.607,22194.15234375,135.669,17.061995,21.113537,26.766045,32.548748,17.173534,14.94244,19.481602,14.869791,15.110059,2735262.5,5717288.5,1133219.5,3693298.0,1025406.5,3457651.5
2028,50491.78,44569.082,32576.19,25518.762,47580.39,24156.256,22468.265625,138.6607,16.96776,20.344423,25.535032,29.960495,17.17425,15.162717,19.110409,14.911418,15.019107,2746203.5,5740157.5,1137752.5,3708070.8,1029508.06,3505833.8
2029,51362.484,45316.43,33341.332,25803.023,48616.2,24572.814,22808.326171875,141.67247,16.515709,20.214386,24.578878,29.569256,17.386541,14.731479,19.029718,15.000879,15.019051,2758286.8,5765414.5,1142758.5,3724386.5,1034038.0,3541744.0
2030,52219.492,45530.56,33957.59,26419.715,49797.29,24982.826,23154.1328125,144.6845,17.428656,21.467316,27.608467,34.09475,17.399288,15.18822,19.657015,15.097904,15.018937,2770699.0,5791358.5,1147901.0,3741146.5,1038691.2,3579920.0
