year,mean_disposable_income,median_disposable_income,median_taxpayer_income,taxpayer_income_p25,taxpayer_income_p75,mean_income_per_head,total_disposable_income_bn,poverty_rate_bhc,poverty_rate_ahc,child_poverty_bhc,child_poverty_ahc,child_absolute_poverty,working_age_poverty_bhc,working_age_poverty_ahc,pensioner_poverty_bhc,pensioner_poverty_ahc,total_households,total_population,total_children,total_working_age,total_pensioners,total_taxpayers
2023,44188.97,39229.63,27967.715,22191.717,40869.973,21140.865,117.84841,18.636517,22.14649,30.533535,35.718456,24.66265,16.22855,20.026043,14.852818,15.684086,2.6669192e+06,5.5744365e+06,1.104905e+06,3.6010175e+06,999785.9,3.2464948e+06
2024,45919.1,40229.438,28766.258,23073.45,42638.76,21968.594,123.77288,18.51593,22.001984,30.455515,35.42117,22.826584,16.046211,19.954834,14.923437,15.463437,2.6954552e+06,5.634083e+06,1.1167274e+06,3.6395485e+06,1.0104835e+06,3.3225205e+06
2025,47286.145,41255.266,29942.432,24191.012,44533.598,22622.613,128.3754,18.542423,22.163046,30.455511,36.00363,24.03352,16.046213,20.087763,15.071169,15.238944,2.7148628e+06,5.674649e+06,1.1247679e+06,3.665753e+06,1.017759e+06,3.3823415e+06
2026,48588.895,42394.297,30862.188,24692.113,45983.156,23245.877,132.41344,18.138868,21.923038,29.334461,35.107735,21.027456,15.821342,19.980627,14.869924,15.276745,2.725179e+06,5.696212e+06,1.1290421e+06,3.679683e+06,1.02162644e+06,3.4211338e+06
2027,49436.3,43107.953,31789.088,25126.01,46835.246,23651.293,135.22127,18.197485,21.861223,29.433075,35.107742,20.36319,15.881869,19.931213,14.869791,15.110059,2.7352625e+06,5.7172885e+06,1.1332195e+06,3.693298e+06,1.0254065e+06,3.4576515e+06
2028,50311.305,43631.05,32576.19,25518.762,47580.39,24069.91,138.16507,17.579643,21.679192,27.066984,34.555653,20.363148,15.639873,19.844078,14.911418,15.019107,2.7462035e+06,5.7401575e+06,1.1377525e+06,3.7080708e+06,1.02950806e+06,3.5058338e+06
2029,51180.684,44413.562,33341.332,25803.023,48616.2,24485.838,141.171,17.636793,21.720324,27.191406,34.680195,19.920578,15.66533,19.869562,15.000879,15.019051,2.7582868e+06,5.7654145e+06,1.1427585e+06,3.7243865e+06,1.034038e+06,3.541744e+06
2030,52071.773,45171.207,33957.59,26419.715,49797.29,24912.15,144.2752,18.310442,21.913252,29.635519,35.32919,20.487497,15.931281,19.96911,15.097904,15.018937,2.770699e+06,5.791359e+06,1.147901e+06,3.7411465e+06,1.0386912e+06,3.57992e+06
