year,mean_disposable_income,median_disposable_income,poverty_rate_bhc,poverty_rate_ahc,total_households,total_population
2025,35306.418,22244.0,13.717272,14.573665,11000689000.0,18323157000.0
2026,36236.332,22619.0,12.853668,13.768631,11042492000.0,18392787000.0
2027,36891.848,23142.0,12.73494,13.603377,11083350000.0,18460842000.0
2028,37549.906,23642.0,12.734942,13.687785,11127684000.0,18534680000.0
2029,38206.82,24119.0,12.672183,13.837472,11176645000.0,18616234000.0
2030,38856.742,24635.0,12.742249,14.06756,11226940000.0,18700012000.0
